Pct.,Name,Combined Pcts.,Address,City,Date,Start Time,End Time,Zipcode,Latitude,Longitude,Area of the City,Type,Hours,EZVote Code,Election Code,Boss Code
101,Dailey Middle School,"114, 115, 116, 119, 138",14000 Westall Street ,Austin,11/6/2012,7:00,19:00,78725,30.242793,-97.58975,N,ED,R,427,G12,30
102,Copperfield Elementary School,,12135 Thompkins Drive ,Austin,11/6/2012,7:00,19:00,78753,30.388804,-97.660432,NE,ED,R,302,G12,31
103,Graham Elementary School,108,11211 Tom Adams Drive ,Austin,11/6/2012,7:00,19:00,78753,30.37256,-97.668865,NE,ED,R,701,G12,32
104,Cedar View Rehabilitation,,11020 Dessau Road ,Austin,11/6/2012,7:00,19:00,78754,30.369802,-97.668328,NE,ED,R,347,G12,33
105,Manor ISD Administration Building,,10335 Hwy 290 East ,Manor,11/6/2012,7:00,19:00,78653,30.345047,-97.573142,E,ED,R,1339,G12,34
106,Neidig Elementary School,,13700 County Line Road ,Elgin,11/6/2012,7:00,19:00,78621,30.360388,-97.407671,E,ED,R,1449,G12,35
107,New Sweden Lutheran Church,,12809 New Sweden Church Road ,Manor,11/6/2012,7:00,19:00,78653,30.40574,-97.48647,NE,ED,R,1405,G12,36
108,Combined @ 103 Graham Elementary School,,11211 Tom Adams Drive ,Austin,11/6/2012,7:00,19:00,78753,30.37256,-97.668865,NE,ED,R,701,G12,32
109,Parmer Lane Elementary School,,1806 Parmer Lane ,Austin,11/6/2012,7:00,19:00,78727,30.414372,-97.691717,N,ED,R,1600,G12,37
110,Park Crest Middle School,161,1500 North Railroad Avenue ,Pflugerville,11/6/2012,7:00,19:00,78660,30.45636,-97.61767,NE,ED,R,1675,G12,38
111,Westview Middle School,,1805 Scofield Lane ,Austin,11/6/2012,7:00,19:00,78727,30.41761,-97.68867,N,ED,R,2304,G12,39
112,Dessau Elementary School,,1501 Dessau Ridge Lane ,Austin,11/6/2012,7:00,19:00,78754,30.40165,-97.64394,NE,ED,R,401,G12,40
113,Wieland Elementary School,,900 Tudor House Road ,Pflugerville,11/6/2012,7:00,19:00,78660,30.42227,-97.63925,NE,ED,R,2334,G12,41
114,Combined @ 101 Dailey Middle School,,14000 Westall Street ,Austin,11/6/2012,7:00,19:00,78725,30.242793,-97.58975,N,ED,R,427,G12,30
115,Combined @ 101 Dailey Middle School,,14000 Westall Street ,Austin,11/6/2012,7:00,19:00,78725,30.242793,-97.58975,N,ED,R,427,G12,30
116,Combined @ 101 Dailey Middle School,,14000 Westall Street ,Austin,11/6/2012,7:00,19:00,78725,30.242793,-97.58975,N,ED,R,427,G12,30
117,Overton Elementary School,120,7201 Colony Loop Drive ,Austin,11/6/2012,7:00,19:00,78724,30.30024,-97.63674,E,ED,R,1587,G12,42
118,Combined @ 130 Memorial United Methodist Church,,6100 Berkman Drive ,Austin,11/6/2012,7:00,19:00,78723,30.316303,-97.692897,E,ED,R,1315,G12,49
119,Combined @ 101 Dailey Middle School,,14000 Westall Street ,Austin,11/6/2012,7:00,19:00,78725,30.242793,-97.58975,N,ED,R,427,G12,30
120,Combined @ 117 Overton Elementary School,,7201 Colony Loop Drive ,Austin,11/6/2012,7:00,19:00,78724,30.30024,-97.63674,E,ED,R,1587,G12,42
121,LBJ High School,"128, 131, 134",7309 Lazy Creek Drive ,Austin,11/6/2012,7:00,19:00,78724,30.31232,-97.655561,S,ED,R,1201,G12,43
122,YMCA East Community Branch,,5315 Ed Bluestein Boulevard ,Austin,11/6/2012,7:00,19:00,78723,30.291849,-97.662234,E,ED,R,2500,G12,44
123,Murchison Elementary School,,2215 Kelly Lane ,Pflugerville,11/6/2012,7:00,19:00,78660,30.468021,-97.586403,NE,ED,R,1336,G12,45
124,Carver Library and Museum Complex,,1161 Angelina Street ,Austin,11/6/2012,7:00,19:00,78702,30.269872,-97.724054,E,ED,R,335,G12,46
125,Combined @ 154 Bluebonnet Trail Elementary School,,11316 Farmhaven Road ,Austin,11/6/2012,7:00,19:00,78754,30.35188,-97.61771,E,ED,R,244,G12,68
126,David Chapel Portable,,2211 East MLK Jr. Boulevard ,Austin,11/6/2012,7:00,19:00,78702,30.28008,-97.71749,E,ED,R,404,G12,47
127,Combined @ 154 Bluebonnet Trail Elementary School,,11316 Farmhaven Road ,Austin,11/6/2012,7:00,19:00,78754,30.35188,-97.61771,E,ED,R,244,G12,68
128,Combined @ 121 LBJ High School,,7309 Lazy Creek Drive ,Austin,11/6/2012,7:00,19:00,78724,30.31232,-97.655561,S,ED,R,1201,G12,43
129,Sims Elementary School,,1203 Springdale Road ,Austin,11/6/2012,7:00,19:00,78721,30.27949,-97.68601,E,ED,R,1907,G12,48
130,Memorial United Methodist Church,118,6100 Berkman Drive ,Austin,11/6/2012,7:00,19:00,78723,30.316303,-97.692897,E,ED,R,1315,G12,49
131,Combined @ 121 LBJ High School,,7309 Lazy Creek Drive ,Austin,11/6/2012,7:00,19:00,78724,30.31232,-97.655561,S,ED,R,1201,G12,43
132,Pecan Springs Elementary School,,3100 Rogge Lane ,Austin,11/6/2012,7:00,19:00,78723,30.302724,-97.677104,E,ED,R,1604,G12,50
133,Blanton Elementary School,,5408 Westminster Drive ,Austin,11/6/2012,7:00,19:00,78723,30.306865,-97.690741,E,ED,R,203,G12,51
134,Combined @ 121 LBJ High School,,7309 Lazy Creek Drive ,Austin,11/6/2012,7:00,19:00,78724,30.31232,-97.655561,S,ED,R,1201,G12,43
135,Messiah Lutheran Church,,5701 Cameron Road ,Austin,11/6/2012,7:00,19:00,78723,30.315441,-97.701352,E,ED,R,1316,G12,52
136,Pfluger Hall,,203B East Pecan Street ,Pflugerville,11/6/2012,7:00,19:00,78660,30.439137,-97.619641,NE,ED,R,1605,G12,53
137,Rowe Lane Elementary School,163,3112 Speidel Drive ,Pflugerville,11/6/2012,7:00,19:00,78660,30.477194,-97.562628,NE,ED,R,1840,G12,54
138,Combined @ 101 Dailey Middle School,,14000 Westall Street ,Austin,11/6/2012,7:00,19:00,78725,30.242793,-97.58975,N,ED,R,427,G12,30
139,Gus Garcia Recreation Center,141,1201 East Rundberg Lane ,Austin,11/6/2012,7:00,19:00,78753,30.35266,-97.68218,NE,ED,R,715,G12,55
140,Dobie Middle School,,1200 East Rundberg Lane ,Austin,11/6/2012,7:00,19:00,78753,30.35397,-97.68056,NE,ED,R,405,G12,57
141,Combined @ 139 Gus Garcia Recreation Center,,1201 East Rundberg Lane ,Austin,11/6/2012,7:00,19:00,78753,30.35266,-97.68218,NE,ED,R,715,G12,55
142,"Combined @ Highland Mall, Suite #1390",,6001 Airport Boulevard ,Austin,11/6/2012,7:00,19:00,78752,30.325916,-97.713947,NC,ED,R,826,G12,58
145,Windermere Elementary School,,1100 Picadilly Drive ,Pflugerville,11/6/2012,7:00,19:00,78660,30.46444,-97.64189,NE,ED,R,2315,G12,59
146,Pflugerville ISD Administration Building,,1401 West Pecan Street ,Pflugerville,11/6/2012,7:00,19:00,78660,30.446463,-97.636496,NE,ED,R,1606,G12,60
148,"County Tax Office, Pflugerville",,15822 Foothill Farms Loop ,Pflugerville,11/6/2012,7:00,19:00,78660,30.44897,-97.65214,NE,ED,R,340,G12,61
149,Reilly Elementary School,,405 Denson Drive ,Austin,11/6/2012,7:00,19:00,78752,30.328009,-97.720052,NC,ED,R,1814,G12,62
150,Brookhollow Elementary School,,1200 North Railroad Avenue ,Pflugerville,11/6/2012,7:00,19:00,78660,30.452447,-97.618074,NE,ED,R,209,G12,63
151,Dottie Jordan Recreation Center,,2803 Loyola Lane ,Austin,11/6/2012,7:00,19:00,78723,30.314135,-97.67395,E,ED,R,430,G12,64
152,Maplewood Elementary School,,3808 Maplewood Avenue ,Austin,11/6/2012,7:00,19:00,78722,30.293238,-97.714838,E,ED,R,1318,G12,65
153,Pioneer Crossing Elementary School,,11300 Samsung Boulevard ,Austin,11/6/2012,7:00,19:00,78754,30.361804,-97.639875,E,ED,R,1673,G12,67
154,Bluebonnet Trail Elementary School,"125, 127",11316 Farmhaven Road ,Austin,11/6/2012,7:00,19:00,78754,30.35188,-97.61771,E,ED,R,244,G12,68
156,Virgina Brown Recreation Center,,7500 Blessing Avenue ,Austin,11/6/2012,7:00,19:00,78752,30.331898,-97.693058,E,ED,R,1942,G12,69
160,Spring Hill Elementary School,,600 South Heatherwilde Boulevard ,Pflugerville,11/6/2012,7:00,19:00,78660,30.442495,-97.645025,NE,ED,R,1910,G12,70
161,Combined @ 110 Park Crest Middle School,,1500 North Railroad Avenue ,Pflugerville,11/6/2012,7:00,19:00,78660,30.45636,-97.61767,NE,ED,R,1675,G12,38
163,Combined @ 137 Rowe Lane Elementary School,,3112 Speidel Drive ,Pflugerville,11/6/2012,7:00,19:00,78660,30.477194,-97.562628,NE,ED,R,1840,G12,54
164,Barrington Elementary School,,400 Cooper Drive ,Austin,11/6/2012,7:00,19:00,78753,30.361452,-97.695934,N,ED,R,205,G12,71
200,Winters Building,,701 West 51st Street ,Austin,11/6/2012,7:00,19:00,78751,30.31642,-97.73044,C,ED,R,2328,G12,72
202,Red River Church,,4425 Red River Street ,Austin,11/6/2012,7:00,19:00,78751,30.30453,-97.71938,C,ED,R,1831,G12,73
203,Boulder Ridge Community Room,,3300 Killingsworth Lane ,Pflugerville,11/6/2012,7:00,19:00,78660,30.41318,-97.60538,NE,ED,R,207,G12,75
205,Camden Huntingdon Apartments,,12349 Metric Boulevard ,Austin,11/6/2012,7:00,19:00,78758,30.410652,-97.695365,N,ED,R,2014,G12,76
206,Lee Elementary School,,3308 Hampton Road ,Austin,11/6/2012,7:00,19:00,78705,30.293303,-97.727165,C,ED,R,1813,G12,77
207,YMCA Northwest Branch,,5807 McNeil Drive ,Austin,11/6/2012,7:00,19:00,78729,30.445658,-97.733881,NW,ED,R,2501,G12,78
208,"University of Texas, Flawn Academic Center",,2400 Inner Campus Drive ,Austin,11/6/2012,7:00,19:00,78712,30.286086,-97.74033,C,ED,R,2101,G12,80
209,Combined @ 222 Cook Elementary School,,1511 Cripple Creek Drive ,Austin,11/6/2012,7:00,19:00,78758,30.377457,-97.703948,N,ED,R,305,G12,90
210,O. Henry Middle School,251,2610 West 10th Street ,Austin,11/6/2012,7:00,19:00,78703,30.285998,-97.774463,C,ED,R,1565,G12,81
211,Walnut Creek Elementary School,,401 West Braker Lane ,Austin,11/6/2012,7:00,19:00,78753,30.37941,-97.684132,N,ED,R,2311,G12,82
212,Combined @ 221 Bridge Point Elementary School,,6401 Cedar Street ,Austin,11/6/2012,7:00,19:00,78746,30.339621,-97.805743,W,ED,R,218,G12,89
213,Combined @ 231 Cat Mountain Homeowners Association,,6007 Mount Bonnell Road ,Austin,11/6/2012,7:00,19:00,78731,30.348676,-97.779876,NW,ED,R,345,G12,94
214,Bryker Woods Elementary School,,3309 Kerbey Lane ,Austin,11/6/2012,7:00,19:00,78703,30.305105,-97.750661,C,ED,R,208,G12,83
215,Wells Branch Community Library,,15001 Wells Port Drive ,Austin,11/6/2012,7:00,19:00,78728,30.44587,-97.67566,N,ED,R,2338,G12,84
216,Northwest Elementary School,,14014 Thermal Drive ,Austin,11/6/2012,7:00,19:00,78728,30.432588,-97.675881,N,ED,R,1418,G12,85
217,Lanier High School,"223, 224",1201 Payton Gin Road ,Austin,11/6/2012,7:00,19:00,78758,30.360795,-97.70781,N,ED,R,1204,G12,86
218,ACC Northridge Campus,,11928 Stonehollow Drive ,Austin,11/6/2012,7:00,19:00,78758,30.40315,-97.70461,NW,ED,R,130,G12,87
219,Caldwell Elementary School,,1718 Picadilly Drive ,Round Rock,11/6/2012,7:00,19:00,78664,30.46767,-97.655561,NE,ED,R,329,G12,88
220,Combined @ 231 Cat Mountain Homeowners Association,,6007 Mount Bonnell Road ,Austin,11/6/2012,7:00,19:00,78731,30.348676,-97.779876,NW,ED,R,345,G12,94
221,Bridge Point Elementary School,212,6401 Cedar Street ,Austin,11/6/2012,7:00,19:00,78746,30.339621,-97.805743,W,ED,R,218,G12,89
222,Cook Elementary School,209,1511 Cripple Creek Drive ,Austin,11/6/2012,7:00,19:00,78758,30.377457,-97.703948,N,ED,R,305,G12,90
223,Combined @ 217 Lanier High School,,1201 Payton Gin Road ,Austin,11/6/2012,7:00,19:00,78758,30.360795,-97.70781,N,ED,R,1204,G12,86
224,Combined @ 217 Lanier High School,,1201 Payton Gin Road ,Austin,11/6/2012,7:00,19:00,78758,30.360795,-97.70781,N,ED,R,1204,G12,86
225,Wells Branch MUD Recreation Center,,3000 Shoreline Drive ,Austin,11/6/2012,7:00,19:00,78728,30.455074,-97.682812,N,ED,R,2316,G12,91
226,Combined @ 227 Villas of Bristol Heights Apartments,,12041 Dessau Road ,Austin,11/6/2012,7:00,19:00,78754,30.380687,-97.651634,NE,ED,R,2208,G12,92
227,Villas of Bristol Heights Apartments,226,12041 Dessau Road ,Austin,11/6/2012,7:00,19:00,78754,30.380687,-97.651634,NE,ED,R,2208,G12,92
228,Combined @ 254 Emeritus at North Austin,,5310 Duval Road ,Austin,11/6/2012,7:00,19:00,78727,30.418998,-97.744288,NW,ED,R,556,G12,116
229,Wells Branch Community Center,,2106 Klattenhoff Drive ,Austin,11/6/2012,7:00,19:00,78728,30.441949,-97.679121,N,ED,R,2312,G12,93
231,Cat Mountain Homeowners Association,"213, 220",6007 Mount Bonnell Road ,Austin,11/6/2012,7:00,19:00,78731,30.348676,-97.779876,NW,ED,R,345,G12,94
232,Canyon Ridge Middle School,,12601 Country Trails Lane ,Austin,11/6/2012,7:00,19:00,78732,30.36482,-97.90306,NW,ED,R,344,G12,95
233,Shepherd of the Hills Christian Church,,6909 West Courtyard Drive ,Austin,11/6/2012,7:00,19:00,78730,30.35992,-97.80491,NW,ED,R,1928,G12,96
234,Austin Christian Fellowship,,6401 River Place Boulevard ,Austin,11/6/2012,7:00,19:00,78730,30.38683,-97.84729,NW,ED,R,141,G12,97
235,McCallum High School,,5600 Sunshine Drive ,Austin,11/6/2012,7:00,19:00,78756,30.326897,-97.729247,NC,ED,R,1321,G12,98
236,Rosedale Elementary School,,2117 West 49th Street ,Austin,11/6/2012,7:00,19:00,78756,30.320155,-97.74033,C,ED,R,1818,G12,99
237,Highland Park Baptist Church,,5206 Balcones Drive ,Austin,11/6/2012,7:00,19:00,78731,30.335241,-97.760028,W,ED,R,806,G12,100
238,Murchison Middle School,,3700 North Hills Drive ,Austin,11/6/2012,7:00,19:00,78731,30.353898,-97.759287,NW,ED,R,1322,G12,101
239,Gullett Elementary School,,6310 Treadwell Boulevard ,Austin,11/6/2012,7:00,19:00,78757,30.343232,-97.748483,C,ED,R,703,G12,102
240,Highland Park Elementary School,,4900 Fairview Drive ,Austin,11/6/2012,7:00,19:00,78731,30.330092,-97.759845,W,ED,R,807,G12,103
241,Brentwood Elementary School,,6700 Arroyo Seco ,Austin,11/6/2012,7:00,19:00,78757,30.33988,-97.73124,NC,ED,R,211,G12,104
242,Northwest Baptist Church,,6301 Woodrow Avenue ,Austin,11/6/2012,7:00,19:00,78757,30.334602,-97.729622,NC,ED,R,1427,G12,105
243,Ben Hur Shriners Hall,,7811 Rockwood Lane ,Austin,11/6/2012,7:00,19:00,78757,30.358129,-97.738055,NC,ED,R,249,G12,106
244,Randalls Steiner Ranch,,5145 RM 620 North ,Austin,11/6/2012,7:00,19:00,78732,30.389683,-97.885008,NW,ED,R,1848,G12,107
245,Grandview Hills Elementary School,,12024 Vista Parke Drive ,Austin,11/6/2012,7:00,19:00,78726,30.416315,-97.852907,NW,ED,R,716,G12,108
246,Hill Elementary School,,8601 Tallwood Drive ,Austin,11/6/2012,7:00,19:00,78759,30.376383,-97.748601,NW,ED,R,808,G12,109
247,Doss Elementary School,,7005 Northledge Drive ,Austin,11/6/2012,7:00,19:00,78731,30.356323,-97.762527,W,ED,R,409,G12,110
248,Burnet Middle School,,8401 Hathaway Drive ,Austin,11/6/2012,7:00,19:00,78757,30.363905,-97.72635,NC,ED,R,212,G12,111
249,St. Matthews Episcopal Church,,8134 Mesa Drive ,Austin,11/6/2012,7:00,19:00,78759,30.37462,-97.75645,NW,ED,R,1911,G12,112
250,Mathews Elementary School,,906 West Lynn Street ,Austin,11/6/2012,7:00,19:00,78703,30.278341,-97.7608,C,ED,R,1323,G12,113
251,Combined @ 210 O. Henry Middle School,,2610 West 10th Street ,Austin,11/6/2012,7:00,19:00,78703,30.285998,-97.774463,C,ED,R,1565,G12,81
252,North Village Library,,2505 Steck Avenue ,Austin,11/6/2012,7:00,19:00,78757,30.361822,-97.730598,NC,ED,R,1448,G12,114
253,First Presbyterian Church,,8001 Mesa Drive ,Austin,11/6/2012,7:00,19:00,78731,30.369441,-97.757453,NW,ED,R,604,G12,115
254,Emeritus at North Austin,"267, 228",5310 Duval Road ,Austin,11/6/2012,7:00,19:00,78727,30.418998,-97.744288,NW,ED,R,556,G12,116
256,Howson Branch Library,266,2500 Exposition Boulevard ,Austin,11/6/2012,7:00,19:00,78703,30.29837,-97.767656,C,ED,R,835,G12,117
258,McBee Elementary School,,1001 West  Braker Lane ,Austin,11/6/2012,7:00,19:00,78758,30.38302,-97.69043,N,ED,R,1325,G12,118
259,Summitt Elementary School,,12207 Brigadoon Lane ,Austin,11/6/2012,7:00,19:00,78727,30.4186,-97.719913,NW,ED,R,1912,G12,119
260,Austin Brethren Church,,1800 Payton Gin Road ,Austin,11/6/2012,7:00,19:00,78758,30.365692,-97.71663,N,ED,R,120,G12,120
262,Anderson High School,,8403 Mesa Drive ,Austin,11/6/2012,7:00,19:00,78759,30.37593,-97.75418,NW,ED,R,119,G12,121
263,United Christian Church,,3500 West Parmer Lane ,Austin,11/6/2012,7:00,19:00,78727,30.423827,-97.709237,NW,ED,R,2102,G12,122
266,Combined @ 256 Howson Branch Library,,2500 Exposition Boulevard ,Austin,11/6/2012,7:00,19:00,78703,30.29837,-97.767656,C,ED,R,835,G12,117
267,Combined @ 254 Emeritus at North Austin,,5310 Duval Road ,Austin,11/6/2012,7:00,19:00,78727,30.418998,-97.744288,NW,ED,R,556,G12,116
268,Grant AME Worship Center,,1701 Kramer Lane ,Austin,11/6/2012,7:00,19:00,78758,30.384861,-97.70442,N,ED,R,705,G12,123
273,Trinity Lutheran Church,,1207 West 45th Street ,Austin,11/6/2012,7:00,19:00,78756,30.31469,-97.7405,C,ED,R,2020,G12,124
274,First English Lutheran Church,,3001 Whitis Avenue ,Austin,11/6/2012,7:00,19:00,78705,30.295341,-97.738731,C,ED,R,608,G12,125
275,Baker Center,,3908 Avenue B (Enter off of 39th Street) ,Austin,11/6/2012,7:00,19:00,78751,30.303169,-97.736349,C,ED,R,214,G12,126
277,University Co-op,,2246 Guadalupe Street ,Austin,11/6/2012,7:00,19:00,78705,30.286049,-97.741907,C,ED,R,2103,G12,127
301,Sunset Valley City Hall,,3205 Jones Road ,Sunset Valley,11/6/2012,7:00,19:00,78745,30.228425,-97.809917,S,ED,R,1934,G12,128
302,Bailey Middle School,,4020 Lost Oasis Hollow ,Austin,11/6/2012,7:00,19:00,78739,30.164163,-97.872519,SW,ED,R,215,G12,129
303,Oak Hill Primitive Baptist Church,,11408 FM 1826 ,Austin,11/6/2012,7:00,19:00,78737,30.19736,-97.92376,SW,ED,R,1570,G12,130
304,Kiker Elementary School,,5913 LaCrosse Avenue ,Austin,11/6/2012,7:00,19:00,78739,30.191014,-97.881532,SW,ED,R,1102,G12,131
305,Combined @ 323 Great Hills Baptist Church,,10500 Jollyville Road ,Austin,11/6/2012,7:00,19:00,78759,30.39841,-97.750189,NW,ED,R,709,G12,147
306,Combined @ 319 Lakeway Activity Center,,105 Cross Creek Drive ,Lakeway,11/6/2012,7:00,19:00,78734,30.362128,-97.98138,W,ED,R,1211,G12,143
307,Rollingwood Municipal Building,356,403 Nixon Drive ,Rollingwood,11/6/2012,7:00,19:00,78746,30.275811,-97.788416,W,ED,R,1819,G12,132
308,Briarcliff P.O.A. Community Center,,22801 Braircliff Drive ,Briarcliff,11/6/2012,7:00,19:00,78669,30.40634,-98.056777,W,ED,R,216,G12,133
309,Southwest Christian Church (Worship Center),,10500 Old Manchaca Road ,Austin,11/6/2012,7:00,19:00,78748,30.166538,-97.83131,S,ED,R,1956,G12,134
310,Manchaca United Methodist Church,,1011 FM 1626 ,Manchaca,11/6/2012,7:00,19:00,78652,30.140878,-97.831814,S,ED,R,1346,G12,135
311,Combined @ 313 Senior Activity Center,,2874 Shoal Crest Avenue ,Austin,11/6/2012,7:00,19:00,78705,30.297676,-97.74799,C,ED,R,1207,G12,137
312,Travis County Sheriff's Office,,3800 Hudson Bend Road ,Austin,11/6/2012,7:00,19:00,78734,30.398456,-97.929425,NW,ED,R,1946,G12,136
313,Senior Activity Center,311,2874 Shoal Crest Avenue ,Austin,11/6/2012,7:00,19:00,78705,30.297676,-97.74799,C,ED,R,1207,G12,137
314,Oak Hill Fire Dept. Barton Creek Station,,4111 Barton Creek Boulevard ,Austin,11/6/2012,7:00,19:00,78735,30.278711,-97.883463,SW,ED,R,1589,G12,138
315,Villages Amenities Center,,12006 Gatling Gun Lane ,Austin,11/6/2012,7:00,19:00,78748,30.154001,-97.854061,S,ED,R,2207,G12,139
316,Travis County Parks Office,,14624 Hamilton Pool Road ,Austin,11/6/2012,7:00,19:00,78738,30.307689,-97.972598,W,ED,R,2033,G12,140
317,Eanes ISD Administration Building,,601 Camp Craft Road ,Austin,11/6/2012,7:00,19:00,78746,30.277915,-97.816558,W,ED,R,504,G12,141
318,Austin Ridge Bible Church,,9300 Bee Cave Road ,Austin,11/6/2012,7:00,19:00,78733,30.318803,-97.871103,W,ED,R,148,G12,142
319,Lakeway Activity Center,306,105 Cross Creek Drive ,Lakeway,11/6/2012,7:00,19:00,78734,30.362128,-97.98138,W,ED,R,1211,G12,143
320,Randalls Lakeway,,2301 RR 620 South ,Lakeway,11/6/2012,7:00,19:00,78734,30.342102,-97.967427,W,ED,R,1845,G12,144
321,Triumphant Love Lutheran Church,,9508 Great Hills Trail,Austin,11/6/2012,7:00,19:00,78759,30.39472,-97.75579,NW,ED,R,2019,G12,145
323,Great Hills Baptist Church,"305, 345",10500 Jollyville Road ,Austin,11/6/2012,7:00,19:00,78759,30.39841,-97.750189,NW,ED,R,709,G12,147
324,Bee Cave Baptist Church,368,13222 Hwy 71 West ,Bee Cave,11/6/2012,7:00,19:00,78738,30.308967,-97.946087,W,ED,R,256,G12,148
325,Combined @ 329 Austin City Hall,,301 West 2nd Street (Media Room) ,Austin,11/6/2012,7:00,19:00,78701,30.264553,-97.747271,C,ED,R,142,G12,152
326,Laurel Mountain Elementary School,,10111 DK Ranch Road ,Austin,11/6/2012,7:00,19:00,78759,30.414945,-97.781754,NW,ED,R,1213,G12,149
327,Fire Station #33,,9409 Bluegrass Drive ,Austin,11/6/2012,7:00,19:00,78759,30.398919,-97.767404,NW,ED,R,609,G12,150
328,Renaissance Retirement Center,,11279 Taylor Draper Lane ,Austin,11/6/2012,7:00,19:00,78759,30.410717,-97.752045,NW,ED,R,1832,G12,151
329,Austin City Hall,325,301 West 2nd Street (Media Room) ,Austin,11/6/2012,7:00,19:00,78701,30.264553,-97.747271,C,ED,R,142,G12,152
330,Laura's Library,357,9411 Bee Cave Road ,Austin,11/6/2012,7:00,19:00,78733,30.315099,-97.87179,W,ED,R,1232,G12,154
331,Kathy Caraway Elementary School,,11104 Oakview Drive (Enter off of Carlwood) ,Austin,11/6/2012,7:00,19:00,78759,30.41959,-97.768024,NW,ED,R,1442,G12,155
332,Zilker Elementary School,"340, 341",1900 Bluebonnet Lane ,Austin,11/6/2012,7:00,19:00,78704,30.252849,-97.774673,SC,ED,R,2600,G12,157
333,Canyon Creek Elementary School,,10210 Ember Glen Drive ,Austin,11/6/2012,7:00,19:00,78726,30.436492,-97.824733,NW,ED,R,313,G12,158
334,Pickfair Community Center,,10904 Pickfair Drive ,Austin,11/6/2012,7:00,19:00,78750,30.439332,-97.811033,NW,ED,R,1626,G12,159
335,Canyon Vista Middle School,,8455 Spicewood Springs Road ,Austin,11/6/2012,7:00,19:00,78759,30.427546,-97.784318,NW,ED,R,314,G12,160
336,Hallmark Baptist Church,,9023 Old Lampasas Trail ,Austin,11/6/2012,7:00,19:00,78750,30.42039,-97.79884,C,ED,R,812,G12,161
337,Lakewood Homeowners Association,,7317 Lakewood Drive ,Austin,11/6/2012,7:00,19:00,78750,30.37535,-97.78888,NW,ED,R,1214,G12,162
338,Travis County WCID #18,,1502 San Juan Drive ,Austin,11/6/2012,7:00,19:00,78733,30.339269,-97.866114,W,ED,R,2025,G12,163
339,Western Hills Church of Christ,,6211 Parkwood Drive ,Austin,11/6/2012,7:00,19:00,78735,30.237204,-97.855053,SW,ED,R,2335,G12,164
340,Combined @ 332 Zilker Elementary School,,1900 Bluebonnet Lane ,Austin,11/6/2012,7:00,19:00,78704,30.252849,-97.774673,SC,ED,R,2600,G12,157
341,Combined @ 332 Zilker Elementary School,,1900 Bluebonnet Lane ,Austin,11/6/2012,7:00,19:00,78704,30.252849,-97.774673,SC,ED,R,2600,G12,157
342,Barton Hills Elementary School,,2108 Barton Hills Drive ,Austin,11/6/2012,7:00,19:00,78704,30.254072,-97.782955,SC,ED,R,226,G12,165
343,Church at Canyon Creek,,9001 FM 620 North ,Austin,11/6/2012,7:00,19:00,78726,30.429286,-97.840891,NW,ED,R,351,G12,166
344,Cunningham Elementary School,,2200 Berkeley Avenue ,Austin,11/6/2012,7:00,19:00,78745,30.210672,-97.805808,S,ED,R,326,G12,167
345,Combined @ 323 Great Hills Baptist Church,,10500 Jollyville Road ,Austin,11/6/2012,7:00,19:00,78759,30.39841,-97.750189,NW,ED,R,709,G12,147
346,Serene Hills Elementary School,,3301 Serene Hills Drive ,Austin,11/6/2012,7:00,19:00,78738,30.34827,-97.99678,NW,ED,R,1951,G12,168
347,Hill Country Middle School,,1300 Walsh Tarlton Lane ,Austin,11/6/2012,7:00,19:00,78746,30.2708,-97.8037,W,ED,R,829,G12,169
349,ACC Pinnacle Campus,,7748 Highway 290 West ,Austin,11/6/2012,7:00,19:00,78736,30.23002,-97.882025,SW,ED,R,131,G12,170
350,Cowan Elementary School,,2817 Kentish Drive,Austin,11/6/2012,7:00,19:00,78748,30.188686,-97.833724,S,ED,R,317,G12,172
351,Small Middle School,,4801 Monterey Oaks Boulevard ,Austin,11/6/2012,7:00,19:00,78749,30.234071,-97.841438,SW,ED,R,1952,G12,174
352,Combined @ 358 Covington Middle School,,3700 Convict Hill Road ,Austin,11/6/2012,7:00,19:00,78749,30.211451,-97.834218,SW,ED,R,318,G12,176
354,Travis Country Office (H.O.A.),,4504 Travis Country Circle ,Austin,11/6/2012,7:00,19:00,78735,30.245949,-97.827448,SW,ED,R,2026,G12,175
356,Combined @ 307 Rollingwood Municipal Building,,403 Nixon Drive ,Rollingwood,11/6/2012,7:00,19:00,78746,30.275811,-97.788416,W,ED,R,1819,G12,132
357,Combined @ 330 Laura's Library,,9411 Bee Cave Road ,Austin,11/6/2012,7:00,19:00,78733,30.315099,-97.87179,W,ED,R,1232,G12,154
358,Covington Middle School,352,3700 Convict Hill Road ,Austin,11/6/2012,7:00,19:00,78749,30.211451,-97.834218,SW,ED,R,318,G12,176
359,LTISD Educational Development Ctr,,607 RR 620 North (Enter off of Kollmeyer Dr) ,Austin,11/6/2012,7:00,19:00,78734,30.370589,-97.946591,W,ED,R,1231,G12,177
360,Bowie High School,,4103 West Slaughter Lane ,Austin,11/6/2012,7:00,19:00,78749,30.18757,-97.8585,S,ED,R,229,G12,178
361,Oak Hill Fire Dept. Station #301,,9211 Circle Drive ,Austin,11/6/2012,7:00,19:00,78736,30.239456,-97.919694,SW,ED,R,1590,G12,179
362,Will Hampton Branch Public Library,,5125 Convict Hill Road ,Austin,11/6/2012,7:00,19:00,78749,30.21765,-97.85509,SW,ED,R,2322,G12,180
363,Shepherd of the Hills Presbyterian Church,,5226 West William Cannon Drive ,Austin,11/6/2012,7:00,19:00,78749,30.225153,-97.851405,SW,ED,R,1924,G12,181
364,Randalls Flagship at West Lake Hills,,3300 Bee Caves Road ,Austin,11/6/2012,7:00,19:00,78746,30.275376,-97.798812,W,ED,R,1844,G12,182
365,West Rural Community Center,,8656 Highway 71 West ,Austin,11/6/2012,7:00,19:00,78735,30.249911,-97.894535,W,ED,R,2330,G12,183
366,Mills Elementary School,,6201 Davis Lane ,Austin,11/6/2012,7:00,19:00,78749,30.21111,-97.87819,SW,ED,R,1327,G12,184
367,Clayton Elementary School,,7525 LaCrosse Avenue ,Austin,11/6/2012,7:00,19:00,78739,30.194658,-97.90668,SW,ED,R,348,G12,185
368,Combined @ 324 Bee Cave Baptist Church,,13222 Hwy 71 West ,Bee Cave,11/6/2012,7:00,19:00,78738,30.308967,-97.946087,W,ED,R,256,G12,148
369,Christ Episcopal Church,,3520 West Whitestone Boulevard ,Cedar Park,11/6/2012,7:00,19:00,78613,30.51066,-97.881317,NW,ED,R,350,G12,186
370,Round Mountain Community Center,,14340 Round Mountain Road ,Leander,11/6/2012,7:00,19:00,78641,30.571213,-97.948576,NW,ED,R,1836,G12,187
371,Lago Vista High School,,8039 Bar-K Ranch Road ,Lago Vista,11/6/2012,7:00,19:00,78645,30.480356,-97.97788,NW,ED,R,1217,G12,188
372,Community Center at Jonestown,,"18649 FM 1431, Suite 6A ",Jonestown,11/6/2012,7:00,19:00,78645,30.491765,-97.923803,NW,ED,R,1444,G12,189
373,Lago Vista City Hall,,5803 Thunderbird Street ,Lago Vista,11/6/2012,7:00,19:00,78645,30.452891,-97.988133,NW,ED,R,1228,G12,190
374,Deer Creek Elementary School,,2420 Zeppelin Drive ,Cedar Park,11/6/2012,7:00,19:00,78613,30.482584,-97.853111,NW,ED,R,425,G12,191
375,Volente Fire Department,,15406 FM 2769 ,Volente,11/6/2012,7:00,19:00,78641,30.435928,-97.90433,NW,ED,R,2203,G12,192
401,Del Valle ISD Administration Building,,5301 Ross Road ,Del Valle,11/6/2012,7:00,19:00,78617,30.176036,-97.613418,SE,ED,R,407,G12,193
402,Elroy Community Library,,13512 FM 812 ,Del Valle,11/6/2012,7:00,19:00,78617,30.123925,-97.638577,SE,ED,R,500,G12,194
403,Creedmoor Elementary School,,5604 FM 1327 ,Creedmoor,11/6/2012,7:00,19:00,78610,30.088999,-97.722423,SE,ED,R,342,G12,195
404,Blazier Elementary School,,8601 Vertex Boulevard ,Austin,11/6/2012,7:00,19:00,78744,30.156149,-97.751992,SE,ED,R,253,G12,196
405,Ojeda Middle School,,4900 McKinney Falls Parkway ,Austin,11/6/2012,7:00,19:00,78744,30.190467,-97.712574,SE,ED,R,1586,G12,197
406,St. Alban's Episcopal Church,417,11819 IH-35 South ,Austin,11/6/2012,7:00,19:00,78747,30.129576,-97.798576,SE,ED,R,1931,G12,198
407,South Rural Community Center,,3518 South FM 973 ,Del Valle,11/6/2012,7:00,19:00,78617,30.198738,-97.642107,SE,ED,R,1932,G12,199
408,Combined @ 435 Southwest Church of Christ,,8900 Manchaca Road ,Austin,11/6/2012,7:00,19:00,78748,30.183882,-97.818639,S,ED,R,1922,G12,218
409,Galindo Elementary School,,3800 South 2nd Street ,Austin,11/6/2012,7:00,19:00,78704,30.229037,-97.771025,S,ED,R,706,G12,200
410,Science & Health Resource Center,,305 North Bluff Drive ,Austin,11/6/2012,7:00,19:00,78745,30.197292,-97.774978,S,ED,R,1614,G12,201
411,Combined @ 416 Akins High School,,10701 South 1st Street ,Austin,11/6/2012,7:00,19:00,78748,30.149237,-97.800872,S,ED,R,322,G12,204
412,Combined @ 454 Randalls Ben White,,2025 West Ben White Boulevard ,Austin,11/6/2012,7:00,19:00,78704,30.229575,-97.789907,S,ED,R,1842,G12,232
413,Combined @ 448 Langford Elementary School,,2206 Blue Meadow Drive ,Austin,11/6/2012,7:00,19:00,78744,30.181907,-97.764459,SE,ED,R,1220,G12,228
414,Texas Oaks Baptist Church,,9910 Bilbrook Place ,Austin,11/6/2012,7:00,19:00,78748,30.169933,-97.817373,S,ED,R,2022,G12,202
415,Casey Elementary School,,9400 Texas Oaks Drive ,Austin,11/6/2012,7:00,19:00,78748,30.176509,-97.814798,S,ED,R,319,G12,203
416,Akins High School,411,10701 South 1st Street ,Austin,11/6/2012,7:00,19:00,78748,30.149237,-97.800872,S,ED,R,322,G12,204
417,Combined @ 406 St. Alban's Episcopal Church,,11819 IH-35 South ,Austin,11/6/2012,7:00,19:00,78747,30.129576,-97.798576,SE,ED,R,1931,G12,198
418,Combined @ 448 Langford Elementary School,,2206 Blue Meadow Drive ,Austin,11/6/2012,7:00,19:00,78744,30.181907,-97.764459,SE,ED,R,1220,G12,228
419,Combined @ 447 Odom Elementary School,,1010 Turtle Creek Boulevard ,Austin,11/6/2012,7:00,19:00,78745,30.205832,-97.788792,S,ED,R,1582,G12,227
420,Parker Lane United Methodist Church,,2105 Parker Lane ,Austin,11/6/2012,7:00,19:00,78741,30.23375,-97.73474,SE,ED,R,1616,G12,205
421,Congress Avenue Baptist Church,,1511 South Congress Avenue ,Austin,11/6/2012,7:00,19:00,78704,30.248493,-97.74946,SC,ED,R,337,G12,206
422,Fulmore Middle School,,201 East Mary Street ,Austin,11/6/2012,7:00,19:00,78704,30.243887,-97.749803,S,ED,R,621,G12,207
423,Montopolis Recreation Center,,1200 Montopolis Drive ,Austin,11/6/2012,7:00,19:00,78741,30.232282,-97.700129,SE,ED,R,1331,G12,208
424,South Austin Recreation Center,,1100 Cumberland Road ,Austin,11/6/2012,7:00,19:00,78704,30.242116,-97.767988,S,ED,R,1945,G12,210
425,Combined @ 446 St. Elmo Elementary School,,600 West St. Elmo Road ,Austin,11/6/2012,7:00,19:00,78745,30.221686,-97.773213,S,ED,R,1939,G12,226
426,Govalle Elementary School,444,3601 Govalle Avenue ,Austin,11/6/2012,7:00,19:00,78702,30.264386,-97.698573,E,ED,R,708,G12,211
427,Allan Elementary School,436,4900 Gonzales Street ,Austin,11/6/2012,7:00,19:00,78702,30.255629,-97.69779,E,ED,R,128,G12,213
428,Mexican American Cultural Center (MACC),,600 River Street ,Austin,11/6/2012,7:00,19:00,78701,30.25814,-97.740169,C,ED,R,1347,G12,214
429,Dan Ruiz Branch Public Library,,1600 Grove Boulevard ,Austin,11/6/2012,7:00,19:00,78741,30.229417,-97.706684,SE,ED,R,417,G12,215
430,"Combined @ 461 Ann Richards School, Portable 152",430,2206 Prather Lane (Enter off of Victory Lane) ,Austin,11/6/2012,7:00,19:00,78704,30.235415,-97.788405,S,ED,R,1615,G12,235
431,Baty Elementary School,,2101 Faro Drive ,Austin,11/6/2012,7:00,19:00,78741,30.227327,-97.713309,SE,ED,R,254,G12,216
432,Combined @ 438 Sanchez Elementary School,,73 San Marcos Street ,Austin,11/6/2012,7:00,19:00,78702,30.258298,-97.735716,E,ED,R,1937,G12,220
433,Travis High School,442,1211 East Oltorf Street ,Austin,11/6/2012,7:00,19:00,78704,30.234034,-97.743269,S,ED,R,2031,G12,217
434,Combined @ 438 Sanchez Elementary School,,73 San Marcos Street ,Austin,11/6/2012,7:00,19:00,78702,30.258298,-97.735716,E,ED,R,1937,G12,220
435,Southwest Church of Christ,408,8900 Manchaca Road ,Austin,11/6/2012,7:00,19:00,78748,30.183882,-97.818639,S,ED,R,1922,G12,218
436,Combined @ 427 Allan Elementary School,,4900 Gonzales Street ,Austin,11/6/2012,7:00,19:00,78702,30.255629,-97.69779,E,ED,R,128,G12,213
437,Twin Oaks Branch Library,,1800 South 5th Street ,Austin,11/6/2012,7:00,19:00,78704,30.248734,-97.76227,S,ED,R,2045,G12,219
438,Sanchez Elementary School,"432, 434",73 San Marcos Street ,Austin,11/6/2012,7:00,19:00,78702,30.258298,-97.735716,E,ED,R,1937,G12,220
439,Cantu/Pan Am Recreation Center,,2100 East 3rd Street ,Austin,11/6/2012,7:00,19:00,78702,30.258039,-97.720878,E,ED,R,331,G12,221
440,CityView at the Park Senior Apts,,2000 Woodward Street ,Austin,11/6/2012,7:00,19:00,78741,30.21791,-97.74337,SE,ED,R,349,G12,222
441,St. John's Lutheran Church,,409 West Ben White Boulevard ,Austin,11/6/2012,7:00,19:00,78704,30.224439,-97.768182,S,ED,R,1936,G12,223
442,Combined @ 433 Travis High School,,1211 East Oltorf Street ,Austin,11/6/2012,7:00,19:00,78704,30.234034,-97.743269,S,ED,R,2031,G12,217
443,Mendez Middle School,,5106 Village Square Drive ,Austin,11/6/2012,7:00,19:00,78744,30.188102,-97.743655,SE,ED,R,1332,G12,225
444,Combined @ 426 Govalle Elementary School,,3601 Govalle Avenue ,Austin,11/6/2012,7:00,19:00,78702,30.264386,-97.698573,E,ED,R,708,G12,211
446,St. Elmo Elementary School,425,600 West St. Elmo Road ,Austin,11/6/2012,7:00,19:00,78745,30.221686,-97.773213,S,ED,R,1939,G12,226
447,Odom Elementary School,419,1010 Turtle Creek Boulevard ,Austin,11/6/2012,7:00,19:00,78745,30.205832,-97.788792,S,ED,R,1582,G12,227
448,Langford Elementary School,"413, 418",2206 Blue Meadow Drive ,Austin,11/6/2012,7:00,19:00,78744,30.181907,-97.764459,SE,ED,R,1220,G12,228
450,Dove Springs Recreation Center,,5801 Ainez Drive ,Austin,11/6/2012,7:00,19:00,78744,30.187694,-97.739664,SE,ED,R,413,G12,229
451,Bedichek Middle School,,6800 Bill Hughes Road ,Austin,11/6/2012,7:00,19:00,78745,30.195252,-97.787279,S,ED,R,231,G12,230
452,Houston Elementary School,,5409 Ponciana Drive ,Austin,11/6/2012,7:00,19:00,78744,30.197144,-97.755307,SE,ED,R,815,G12,231
454,Randalls Ben White,412,2025 West Ben White Boulevard ,Austin,11/6/2012,7:00,19:00,78704,30.229575,-97.789907,S,ED,R,1842,G12,232
458,Mockingbird Post Office,,7310 Manchaca Road ,Austin,11/6/2012,7:00,19:00,78745,30.198201,-97.80864,S,ED,R,1341,G12,233
460,ACC South Austin Campus,,1820 West Stassney Lane ,Austin,11/6/2012,7:00,19:00,78745,30.215651,-97.795959,S,ED,R,143,G12,234
461,"Ann Richards School, Portable 152",430,2206 Prather Lane (Enter off of Victory Lane) ,Austin,11/6/2012,7:00,19:00,78704,30.235415,-97.788405,S,ED,R,1615,G12,235
463,Williams Elementary School,,500 Mairo Street ,Austin,11/6/2012,7:00,19:00,78748,30.180655,-97.791978,S,ED,R,2325,G12,236
152,Fiesta Mart Central,,3909 North IH-35 ,Austin,11/6/2012,7:00,19:00,78722,30.29598,-97.71741,C,ED,R,623,G12,66
441,Fiesta Mart Stassney,,5510 South IH 35 ,Austin,11/6/2012,7:00,19:00,78745,30.20036,-97.7643,SE,ED,R,624,G12,224
139,Goodwill Industries Norwood,,1015 Norwood Park Boulevard ,Austin,11/6/2012,7:00,19:00,78753,30.338676,-97.694421,NE,ED,R,717,G12,56
202,Hancock Center,,"1000 East 41st Street, Suite #710 ",Austin,11/6/2012,7:00,19:00,78751,30.299815,-97.719698,C,ED,R,838,G12,74
424,HEB South Congress,,2400 South Congress Avenue ,Austin,11/6/2012,7:00,19:00,78704,30.239122,-97.755167,S,ED,R,836,G12,209
142,"Highland Mall, Suite #1390",,6001 Airport Boulevard ,Austin,11/6/2012,7:00,19:00,78752,30.325916,-97.713947,NC,ED,R,826,G12,58
332,Lamar Plaza Shopping Center,,1150 South Lamar Boulevard ,Austin,11/6/2012,7:00,19:00,78704,30.255041,-97.762463,S,ED,R,1234,G12,156
426,Parque Zaragoza Recreation Center,,2608 Gonzales Street ,Austin,11/6/2012,7:00,19:00,78728,30.26168,-97.712274,E,ED,R,1677,G12,212
350,Randalls Brodie,,9911 Brodie Lane ,Austin,11/6/2012,7:00,19:00,78748,30.184253,-97.848272,SW,ED,R,1846,G12,171
323,Randalls Research,,10900-D Research Boulevard ,Austin,11/6/2012,7:00,19:00,78759,30.401973,-97.746177,NE,ED,R,1841,G12,146
351,Randalls South Mopac,,6600 South Mopac Expressway,Austin,11/6/2012,7:00,19:00,78749,30.22278,-97.836277,SW,ED,R,1843,G12,173
207,RRISD Performing Arts Center,,5800 McNeil Drive ,Austin,11/6/2012,7:00,19:00,78729,30.447305,-97.736049,N,ED,R,1833,G12,79
329,Travis County Courthouse,,"1000 Guadalupe Street, 1st Floor ",Austin,11/6/2012,7:00,19:00,78701,30.272921,-97.7449,C,ED,R,2032,G12,153
